handle,video_id,title,published_at,live_broadcast_content,actual_start_time,actual_end_time,scheduled_start_time,duration_hours,view_count,like_count,comment_count
@HimemoriLuna,aAFfUAoB39A,【 Minecraft 】新ホロ鯖アプデ後！'んな電鉄' アジアン風トンネルを施工するのら！！！＃１１【姫森ルーナ/ホロライブ】,2025-08-27T15:29:58Z,none,2025-08-27T09:57:28Z,2025-08-27T15:05:57Z,2025-08-27T10:00:00Z,5.14,124447,7828,112
@HimemoriLuna,5ba5VeGVUu4,【 PEAK 】初めてのPEAKコラボで登頂できるのら？！？！【姫森ルーナ/ホロライブ】,2025-08-26T16:41:41Z,none,2025-08-26T13:01:45Z,2025-08-26T16:29:21Z,2025-08-26T13:00:00Z,3.46,87266,6244,109
@HimemoriLuna,aiE9xkI-qT4,【 Minecraft 】新ホロ鯖アプデ後！'んな電鉄' 施工再開なのら！！！＃１０【姫森ルーナ/ホロライブ】,2025-08-25T13:16:30Z,none,2025-08-25T07:57:57Z,2025-08-25T12:56:34Z,2025-08-25T08:00:00Z,4.98,152407,9693,108
@SakuraMiko,vL-I6HLel4Q,【 ポケモンルビー 】色違い耐久２４日目🎣みこちと金コイ伝説～最弱からみんなで最強に育てる旅～【ホロライブ/さくらみこ】,2025-08-31T16:41:42Z,none,2025-08-31T13:04:09Z,2025-08-31T16:31:27Z,2025-08-31T13:00:00Z,3.46,367538,13919,113
@SakuraMiko,6y_pKqg6IxI,最終回【#ホロ7DTDハード】最後の地！荒れ地だあああ‼ハードモードゾンビの世界で生き残るにぇ！！！！【ホロライブ/さくらみこ】,2025-08-30T16:49:20Z,none,2025-08-30T13:04:04Z,2025-08-30T16:37:27Z,2025-08-30T13:00:00Z,3.56,249458,11618,128
@SakuraMiko,b0rxXn1s3ec,#13【#ホロ7DTDハード】最後の地！荒れ地だあああ‼ハードモードゾンビの世界で生き残るにぇ！！！！【ホロライブ/さくらみこ】,2025-08-29T15:51:29Z,none,2025-08-29T13:04:18Z,2025-08-29T15:41:49Z,2025-08-29T13:00:00Z,2.63,218841,10059,88
@SakuraMiko,R3XMduAQ0Aw,【 ポケモンルビー 】色違い耐久２３日目🎣みこちと金コイ伝説～最弱からみんなで最強に育てる旅～【ホロライブ/さくらみこ】,2025-08-28T17:42:27Z,none,2025-08-28T13:03:42Z,2025-08-28T17:27:50Z,2025-08-28T13:00:00Z,4.4,402902,15075,133
@SakuraMiko,eHnxEt4YNCY,#12【#ホロ7DTDハード】雪原だあああ‼ハードモードゾンビの世界で生き残るにぇ！！！！【ホロライブ/さくらみこ】,2025-08-27T17:11:09Z,none,2025-08-27T13:01:33Z,2025-08-27T16:59:30Z,2025-08-27T13:00:00Z,3.97,310320,12346,94
@SakuraMiko,dTYp4ygpdB4,【 TCG Card Shop Simulator 】アプデ新機能⁉ ひさびさにみこのあな･･開店･･･‼【ホロライブ/さくらみこ】,2025-08-26T16:46:01Z,none,2025-08-26T13:06:54Z,2025-08-26T16:33:36Z,2025-08-26T13:05:00Z,3.44,420419,16864,148
@MoonaHoshinova,ErWFW9aD9S4,【No Man's Sky】What's new?!【Moona Hoshinova】,2025-08-30T17:09:20Z,none,2025-08-30T15:01:44Z,2025-08-30T17:02:20Z,2025-08-30T15:00:00Z,2.01,17195,3432,20
@MoonaHoshinova,x8JjDZ73IYA,【Coral island】Bercocok tanam bersama yopi!【Moona Hoshinova】,2025-08-27T15:32:31Z,none,2025-08-27T12:32:22Z,2025-08-27T15:19:51Z,2025-08-27T12:30:00Z,2.79,15340,3050,19
@KureijiOllie,SFHfEQKtO5w,【PEAK - SOLO PLAY】 JUST ME; MYSELF; AND I 【Kureiji Ollie】,2025-08-30T12:08:05Z,none,2025-08-30T09:00:50Z,2025-08-30T11:53:04Z,2025-08-30T09:00:00Z,2.87,17377,3484,20
@KureijiOllie,Lv-osciv9So,【FREETALK】ZOMBIE IS BACK WITH SCUFFED STORYTIME!!【Kureiji Ollie】,2025-08-28T04:51:22Z,none,2025-08-28T01:00:32Z,2025-08-28T04:23:34Z,2025-08-28T01:00:00Z,3.38,23556,4486,54
@AkaiHaato,Sr0xKJ6ZK_0,【 歌枠 】寝る前に大熱唱なちゃま～～～っ💖!!!✨【ホロライブ/赤井はあと】,2025-08-30T16:54:55Z,none,2025-08-30T14:08:24Z,2025-08-30T16:47:22Z,2025-08-30T14:00:00Z,2.65,78478,6762,52
@AkaiHaato,vNNJG2wtd_Y,【 旅 】ちゃまと旅する！香川の小豆島巡りだあああ～～～！！！🚲✨（後編）【ホロライブ/赤井はあと】,2025-08-27T15:52:02Z,none,2025-08-27T13:05:46Z,2025-08-27T15:25:39Z,2025-08-27T13:00:00Z,2.33,39088,5627,50
@AkaiHaato,jRm8sne9CvU,【 旅 】ちゃまと旅する！香川で大冒険だあああああああああ！！！✨🚃（前編）【ホロライブ/赤井はあと】,2025-08-26T14:30:57Z,none,2025-08-26T11:07:01Z,2025-08-26T13:59:51Z,2025-08-26T11:00:00Z,2.88,74638,8158,73
@YukihanaLamy,Cf6co1y6SEc,【孤独なインディーゲーム開発者の一生 Demo】最強のホロライブ恋愛シミュレーションゲームを作る！！！【 雪花ラミィ /ホロライブ】,2025-08-27T11:56:25Z,none,2025-08-27T09:00:30Z,2025-08-27T11:48:00Z,2025-08-27T09:00:00Z,2.79,101599,7598,75
@YukihanaLamy,rkliCZ3nTsA,【オラと博士の夏休み】3週目！物語も終盤へ…！？どうなるオラ夏！【 雪花ラミィ /ホロライブ】※ネタバレあり,2025-08-26T15:27:29Z,none,2025-08-26T12:00:13Z,2025-08-26T15:10:38Z,2025-08-26T12:00:00Z,3.17,75542,6011,86
@YukihanaLamy,qhK7c-fu8W0,【オラと博士の夏休み】２週目！ストーリーどうなっちゃうの！？【 雪花ラミィ /ホロライブ】※ネタバレあり,2025-08-25T17:16:40Z,none,2025-08-25T13:00:45Z,2025-08-25T17:04:28Z,2025-08-25T13:00:00Z,4.06,118913,8189,85
@MomosuzuNene,sHm0dCvh1Ds,【 おかゆにゅ～～む！ 】おかゆ先輩を深堀したい♡【 桃鈴ねね / hololive 】,2025-08-26T13:07:51Z,none,2025-08-26T09:01:42Z,2025-08-26T12:51:12Z,2025-08-26T09:00:00Z,3.83,114993,8739,48
@holoen_erbloodflame,wgP_4s7mJ-Y,【YU-GI-OH! MASTER DUEL】Findin' trouble; never lookin' too hard~ 💄,2025-08-31T17:21:59Z,none,2025-08-31T15:14:01Z,2025-08-31T17:15:39Z,2025-08-31T15:15:00Z,2.03,37002,5449,33
@holoen_erbloodflame,c0SOBdjBkpg,【PORK】03~ 💄,2025-08-30T00:49:50Z,none,2025-08-29T21:25:43Z,2025-08-30T00:39:34Z,2025-08-29T21:30:00Z,3.23,59882,7880,77
@MizumiyaSu,xJ0ro12eOAc,【ドンキーコングバナンザ】ドンキーとの物語 #５【水宮枢／ホロライブDEV_IS】,2025-08-31T05:53:41Z,none,2025-08-31T02:07:59Z,2025-08-31T05:40:05Z,2025-08-31T02:00:00Z,3.54,31838,3368,106
@MizumiyaSu,0U4Nsm5YQq4,【VRChat】FGでぽこピーランドへGO❕💙【水宮枢／ホロライブDEV_IS】,2025-08-30T06:26:14Z,none,2025-08-30T04:02:17Z,2025-08-30T06:16:13Z,2025-08-30T04:00:00Z,2.23,33608,3551,114
@MizumiyaSu,QxWHVbJnV28,【歌枠／karaoke】縦型歌枠…💙🎧【水宮枢／ホロライブDEV_IS】,2025-08-29T09:34:08Z,none,2025-08-29T07:00:21Z,2025-08-29T09:23:59Z,2025-08-29T06:59:58Z,2.39,53878,4926,127
@MizumiyaSu,VFRHmf6k-rQ,【マリオカート8DX】3位以内取るまで告知できません。視聴者参加型【水宮枢／FLOW GLOW】#hololiveDEV_IS,2025-08-28T11:34:44Z,none,2025-08-28T08:59:19Z,2025-08-28T10:58:49Z,2025-08-28T09:00:00Z,1.99,58868,4649,140
@MizumiyaSu,zJEM5_nt2S8,【逆再生キング】逆再生は任せな✋一旦天才です【水宮枢／ホロライブDEV_IS】,2025-08-27T06:19:26Z,none,2025-08-27T03:00:13Z,2025-08-27T06:09:27Z,2025-08-27T03:00:00Z,3.15,51818,4971,130
@MizumiyaSu,D3X3KICVYkw,【恐怖耐性診断テスト】怖いの大苦手✋赤点回避したい【水宮枢／ホロライブDEV_IS】,2025-08-26T11:05:15Z,none,2025-08-26T09:00:09Z,2025-08-26T10:50:22Z,2025-08-26T09:00:00Z,1.84,39270,4212,148
@NekomataOkayu,Mh0Vo6stuGI,【 歌枠 】ホロライブのオリ曲縛りで歌枠ｲｸｿﾞｵｵｵｵｵｵ🎙🔥✦【 猫又おかゆ/ホロライブ 】,2025-08-31T12:07:52Z,none,2025-08-31T11:00:55Z,2025-08-31T12:02:36Z,2025-08-31T11:00:00Z,1.03,124235,11665,210
@NekomataOkayu,JGdMDs0fX_g,【 DAY14 | #ホロ7DTDハード 】荒地で襲撃迎えるぞ～～～～～！🧟🧟🧟【 猫又おかゆ視点/ホロライブ 】,2025-08-30T16:47:44Z,none,2025-08-30T13:01:02Z,2025-08-30T16:35:36Z,2025-08-30T13:00:00Z,3.58,80581,5893,81
@NekomataOkayu,jj-NExrxw_s,【 DAY13 | #ホロ7DTDハード 】荒地で初めてのクエストだあああい！🧟【 猫又おかゆ視点/ホロライブ 】,2025-08-29T15:55:44Z,none,2025-08-29T12:00:39Z,2025-08-29T15:43:00Z,2025-08-29T12:00:00Z,3.71,102517,6066,56
@NekomataOkayu,b_GWiMPuAiA,【 DAY12 | #ホロ7DTDハード 】雪山の襲撃だああああ！✊【 猫又おかゆ視点/ホロライブ 】,2025-08-27T17:17:33Z,none,2025-08-27T13:00:18Z,2025-08-27T17:02:44Z,2025-08-27T13:00:00Z,4.04,101834,6502,62
@NekomataOkayu,-DjyftlN8PE,【 メトロイドプライム リマスタード 】はじめてのプライムシリーズに挑戦！#04【 猫又おかゆ/ホロライブ 】,2025-08-26T17:05:33Z,none,2025-08-26T13:00:38Z,2025-08-26T16:51:19Z,2025-08-26T13:00:00Z,3.84,94642,6356,62
@NinomaeInanis,LMXky-XlUqM,【CHEERING ROOM!!!】ALL FOR ONE CHEERING ROOM!!!! #holoAllforOne,2025-08-28T01:04:30Z,none,2025-08-27T23:00:25Z,2025-08-28T00:55:32Z,2025-08-27T23:00:00Z,1.92,54945,8539,87
@ShioriNovella,AzzsvLmBk-o,Back to Mythical Shenanigans【Urban Myth Dissolution Center】 Ep. 4,2025-08-31T19:53:43Z,none,2025-08-31T16:54:46Z,2025-08-31T19:44:48Z,2025-08-31T17:00:00Z,2.83,21414,4510,68
@ShioriNovella,lUhX1uhd2oY,House of Ashes | Sand; Sand Everywhere! Ep.1,2025-08-30T01:07:03Z,none,2025-08-29T22:55:53Z,2025-08-30T00:57:35Z,2025-08-29T23:00:00Z,2.03,43265,6228,117
@OmaruPolka,aavf5advR8w,【OHAPOL】#178 9/1月曜日！9月になっちゃおっかな～ #ポルカ公演中 【尾丸ポルカ/ホロライブ】,2025-08-31T22:39:53Z,none,2025-08-31T21:00:41Z,2025-08-31T22:34:19Z,2025-08-31T21:00:00Z,1.56,54740,5172,45
@OmaruPolka,bLTVdFMS1Qg,【歌枠/KARAOKE】夏のおわりに騒ぐ～～～歌う～～～🎤✨️🎶【尾丸ポルカ/ホロライブ】,2025-08-30T11:20:55Z,none,2025-08-30T09:00:32Z,2025-08-30T11:07:56Z,2025-08-30T09:00:00Z,2.12,59194,6231,54
@OmaruPolka,UUiw68ozyw8,【#ホロ7DTDハード】荒れ地に引っ越しましたとさ備えよ！！！！【尾丸ポルカ/ホロライブ】,2025-08-29T16:18:58Z,none,2025-08-29T12:03:03Z,2025-08-29T15:42:12Z,2025-08-29T12:00:00Z,3.65,35394,4427,24
@OmaruPolka,7PGl2A1h3AI,【PEAK】8/29⛰️今日の1アタックチャンス【尾丸ポルカ視点/ホロライブ】,2025-08-29T10:12:38Z,none,2025-08-29T09:32:57Z,2025-08-29T10:09:06Z,2025-08-29T09:30:00Z,0.6,21730,2910,27
@OmaruPolka,H0bt71SyXdk,【#ホロ7DTDハード】ぎゃあああもう襲撃じゃねえかあああ【尾丸ポルカ/ホロライブ】,2025-08-27T17:20:14Z,none,2025-08-27T13:00:56Z,2025-08-27T16:59:49Z,2025-08-27T13:00:00Z,3.98,44143,4875,33
@OmaruPolka,f_Y381TW2v0,【OHAPOL】#177 8/27水曜日！朝活ってまだ生きてたんだ！ #ポルカ公演中 【尾丸ポルカ/ホロライブ】,2025-08-26T23:03:13Z,none,2025-08-26T20:59:18Z,2025-08-26T22:57:26Z,2025-08-26T21:00:00Z,1.97,73201,6386,86
@OmaruPolka,saEAvgGAVdU,【PEAK】あの三人で・・・山を登る！？ #かなポルーナ 【尾丸ポルカ視点/ホロライブ】,2025-08-26T16:46:20Z,none,2025-08-26T13:02:42Z,2025-08-26T16:29:24Z,2025-08-26T13:00:00Z,3.44,50421,5163,42
@OmaruPolka,sxo065cQ6Xk,【PEAK】夏は山だ！！！！！！！！【尾丸ポルカ視点/ホロライブ】,2025-08-25T14:01:53Z,none,2025-08-25T12:00:06Z,2025-08-25T13:52:54Z,2025-08-25T12:00:00Z,1.88,45020,4514,39
@KaelaKovalskia,yNxDdad2JHc,【#dahlahday #pemascape POST TALK】lets talk about behind the scenes and answering questions! 📝,2025-08-31T10:59:34Z,none,2025-09-01T03:11:01Z,2025-09-01T08:40:43Z,2025-09-01T03:10:00Z,5.5,22002,4876,9
@KaelaKovalskia,bcIC1CvhrEw,【#dahlahday】IT'S MY BIRTHDAY AND I HAVE PREPARED MANY PRESENTS FOR YOU!! 🎮🎵🎉【Kaelaverse: Pemascape】,2025-08-30T15:14:01Z,none,2025-08-30T12:00:11Z,2025-08-30T15:01:51Z,2025-08-30T12:00:00Z,3.03,68979,10752,178
@KaelaKovalskia,ffY22oNjMPA,【#dahlahday COUNTDOWN】ok so what's to expect this year? (except embracing the dahlah...),2025-08-29T18:21:52Z,none,2025-08-29T15:59:56Z,2025-08-29T18:13:26Z,2025-08-29T16:00:00Z,2.23,32524,5217,81
@KaelaKovalskia,8_0dnC6bGPs,【Holo Hidden - My Lovely Fans Can't Be This Hidden】checking out this new (upcoming) game!! 🔍,2025-08-28T05:46:06Z,none,2025-08-28T02:02:18Z,2025-08-28T05:32:06Z,2025-08-28T02:00:00Z,3.5,29419,4471,32
@KaelaKovalskia,nvYDxgnfBf8,【Umamusume: Pretty Derby】TAURUS CUP: before the final!【Kaela Kovalskia / hololiveID】,2025-08-25T15:49:16Z,none,2025-08-25T12:59:32Z,2025-08-25T15:39:13Z,2025-08-25T13:00:00Z,2.66,40435,4301,33
@HoshimachiSuisei,HPKW-iU3Eds,【雑談】全員優勝！名古屋いってきた！【ホロライブ / 星街すいせい】,2025-08-30T11:11:00Z,none,2025-08-30T10:01:20Z,2025-08-30T11:04:26Z,2025-08-30T10:00:00Z,1.05,127204,0,112
@usadapekora,E2D_YFRHFG8,【#兎田ぺこら6周年記念LIVE】周年3D LIVE！ぺこらRUSH！！！！！！！ぺこ！【ホロライブ/兎田ぺこら】,2025-08-31T13:20:17Z,none,2025-08-31T12:00:44Z,2025-08-31T13:11:27Z,2025-08-31T12:00:00Z,1.18,856883,53665,1654
@usadapekora,A199sdAmfeg,#3【FF5】ファイナルファンタジー5を初見で始める！！！！！ぺこ！【ホロライブ/兎田ぺこら】※ネタバレ注意,2025-08-31T08:49:47Z,none,2025-08-31T03:00:53Z,2025-08-31T07:55:38Z,2025-08-31T03:00:00Z,4.91,280099,9968,172
@usadapekora,G3uCQp6IHhQ,#2【FF5】ファイナルファンタジー5を初見で始める！！！！！ぺこ！【ホロライブ/兎田ぺこら】※ネタバレ注意,2025-08-30T10:42:50Z,none,2025-08-30T03:01:18Z,2025-08-30T10:11:27Z,2025-08-30T03:00:00Z,7.17,367998,11144,202
@usadapekora,vgxJuwLRkbs,【部屋紹介】緊急！リスナーさんの部屋を見ていく！！！！！ぺこ！【ホロライブ/兎田ぺこら】,2025-08-29T14:51:32Z,none,2025-08-29T13:14:52Z,2025-08-29T14:43:39Z,2025-08-29T13:00:00Z,1.48,179711,10775,195
@usadapekora,3DqKAhET52w,【アカーーン!!】チーズ転がし祭り in ホロライブ【ホロライブ/兎田ぺこら】,2025-08-28T14:23:52Z,none,2025-08-28T13:10:15Z,2025-08-28T14:17:23Z,2025-08-28T13:00:00Z,1.12,141566,9308,218
@usadapekora,FcE1Z_T9Bco,【魔法少女ノ魔女裁判】2章~ 少女たちに紛れた「殺人犯の魔女」を処刑するデスゲームやってみる。ぺこ！【ホロライブ/兎田ぺこら】※ネタバレ注意,2025-08-27T16:20:09Z,none,2025-08-27T11:03:20Z,2025-08-27T15:46:01Z,2025-08-27T11:00:00Z,4.71,228160,10692,231
@usadapekora,BiAMhXRVP-s,【30 Days on Ship】誰もいなくなったコンテナ船で30日間生き残れ！！！ぺこ！【ホロライブ/兎田ぺこら】,2025-08-26T13:25:20Z,none,2025-08-26T11:00:07Z,2025-08-26T13:16:01Z,2025-08-26T11:00:00Z,2.27,255012,11788,155
@usadapekora,Cx2kEjKcxeQ,【魔法少女ノ魔女裁判】1章~ 少女に紛れた「殺人犯の魔女」を処刑するデスゲームやってみる。ぺこ！【ホロライブ/兎田ぺこら】※ネタバレ注意,2025-08-25T17:27:13Z,none,2025-08-25T11:00:40Z,2025-08-25T17:10:02Z,2025-08-25T11:00:00Z,6.16,331656,13195,310
@IsakiRiona,xup6KMhz-9M,【歌枠 / 告知アリ！】告知します！歌います！！【ホロライブ DEV_IS 響咲リオナ】,2025-08-30T11:11:49Z,none,2025-08-30T09:59:51Z,2025-08-30T10:59:46Z,2025-08-30T10:00:00Z,1.0,33866,4886,81
@IsakiRiona,X8OpFJ16t4M,【深夜歌枠】歌いたくなったら、歌う🎵【ホロライブ DEV_IS 響咲リオナ】,2025-08-27T16:34:21Z,none,2025-08-27T15:15:51Z,2025-08-27T16:23:13Z,2025-08-27T15:15:00Z,1.12,22772,4037,83
@IsakiRiona,Q74jNfwJRBs,【定期配信】お昼休憩ですか？水曜の１２時はリオナとご飯食べよう🎵【ホロライブ DEV_IS 響咲リオナ】,2025-08-27T04:20:41Z,none,2025-08-27T03:01:11Z,2025-08-27T03:58:33Z,2025-08-27T03:00:00Z,0.96,22966,3711,58
@IsakiRiona,0a_NtlRmZWU,【#コンパス 戦闘摂理解析システム】エンジョイ部ゲスト出演まであと２日✨ ＃３【ホロライブ DEV_IS 響咲リオナ】,2025-08-26T11:49:33Z,none,2025-08-26T09:31:39Z,2025-08-26T11:03:49Z,2025-08-26T09:30:00Z,1.54,21600,3038,48
@holoANroom,0WQV1BCXQ1I,【#昼ホロ】ホロライブプロダクション8周年が近づいてきた…✨️お昼のまったりニュース！【春先のどか/holoAN】,2025-08-29T04:22:19Z,none,2025-08-29T02:58:06Z,2025-08-29T04:08:42Z,2025-08-29T03:00:00Z,1.18,22005,2830,15
@AnyaMelfissa,Z_4Vt0Ossg8,【Japan Stigmatized Property -日本事故物件監視協会-】An Anomaly Game Based on Real Japanese Places【hololive】,2025-08-28T06:07:29Z,none,2025-08-28T02:31:28Z,2025-08-28T05:41:55Z,2025-08-28T02:30:00Z,3.17,35652,4934,37
@OtonoseKanade,gozU6bvjPuI,【 Abyssdia 】スカヤさんを遠隔操作？！『アビスディア』の料理を再現してみる！！✨【音乃瀬奏】#hololiveDEV_IS #ReGLOSS,2025-08-31T12:11:11Z,none,2025-08-31T11:00:43Z,2025-08-31T12:01:48Z,2025-08-31T11:00:00Z,1.02,44189,4165,62
@OtonoseKanade,BJCv-gDPdzQ,【 縦型歌枠 】ノープランだぁ；；【音乃瀬奏】#hololiveDEV_IS #ReGLOSS,2025-08-28T15:16:51Z,none,2025-08-28T13:01:29Z,2025-08-28T15:05:49Z,2025-08-28T13:00:00Z,2.07,126933,9034,84
@OtonoseKanade,qVJqVbgLXIk,【 恐怖耐性診断テスト 】ビビビビビってねーし！！【音乃瀬奏】#hololiveDEV_IS #ReGLOSS,2025-08-27T12:26:20Z,none,2025-08-27T10:59:51Z,2025-08-27T12:14:42Z,2025-08-27T11:00:00Z,1.25,42379,4405,46
@OtonoseKanade,NpGLZlDMHZs,【 PEAK 】4人で協力して山を登るゲーム？！やってみる！！【音乃瀬奏視点】#hololiveDEV_IS #ReGLOSS,2025-08-25T14:26:19Z,none,2025-08-25T12:03:33Z,2025-08-25T13:52:02Z,2025-08-25T12:00:00Z,1.81,61673,5365,51
@AyundaRisu,u-yA5-i2zZU,M.M.M. Triple M is back in September !,2025-09-01T05:02:19Z,none,2025-09-01T02:29:55Z,2025-09-01T04:53:36Z,2025-09-01T02:30:00Z,2.39,14663,3039,10
@MoriCalliope,hhUGqnfqCBk,【ELDEN RING】guts vs. malenia (part 7) #calliolive,2025-08-31T16:45:29Z,none,2025-08-31T10:00:37Z,2025-08-31T16:21:06Z,2025-08-31T10:00:06Z,6.34,80960,8072,57
@MoriCalliope,l1yac6nR9MM,【ELDEN RING】fire giant destroying and also yappin' (part 6) #calliolive,2025-08-28T08:40:53Z,none,2025-08-28T02:00:54Z,2025-08-28T08:05:17Z,2025-08-28T02:00:24Z,6.07,89499,7112,78
@HakosBaelz,stbK9qvv-ZI,≪4TH ANNIVERSARY KARAOKE!!≫ she old #4wardWithBae,2025-08-31T08:28:42Z,none,2025-08-31T03:03:15Z,2025-08-31T06:37:50Z,2025-08-31T03:00:00Z,3.58,78779,11193,101
@HakosBaelz,5QRaJIwd5FU,≪JUST CHATTING≫ idol rat is back and ready to yap #holoAllforOne,2025-08-30T07:36:08Z,none,2025-08-30T03:07:08Z,2025-08-30T07:21:25Z,2025-08-30T03:05:00Z,4.24,57590,7837,55
@IchijouRirika,lDuzHYLPopk,【#6 ポケモン銀】最終回✨レッド様に会いに…いくぞ！！ ポケットモンスター金・銀シリーズ楽しむ！！！ゲームボーイカラー！？【一条莉々華/hololive DEV_IS ReGLOSS】,2025-08-31T08:51:57Z,none,2025-08-31T04:01:33Z,2025-08-31T08:37:28Z,2025-08-31T04:00:00Z,4.6,67174,4384,119
@IchijouRirika,lsg61nkHPxo,【シャドバWB/Shadowverse】新弾パック開封報告会場～～～✨【一条莉々華/hololive DEV_IS　ReGLOSS】,2025-08-28T09:56:16Z,none,2025-08-28T08:13:20Z,2025-08-28T09:42:01Z,2025-08-28T08:15:00Z,1.48,30998,3085,56
@IchijouRirika,3iTJTTbdXuQ,【PEAK】今日も今日とて山をのぼるのさ。お姉さん組（アキちゃん先輩、ふーたん！）雪山クリアしたあああい！【一条莉々華/hololive DEV_IS ReGLOSS】,2025-08-26T15:05:45Z,none,2025-08-26T12:06:39Z,2025-08-26T14:54:19Z,2025-08-26T12:00:00Z,2.79,30377,4019,72
@IchijouRirika,TQt_4wLcdpE,【月曜定期雑談】8月最後の定期雑談～！！#4【一条莉々華/hololive DEV_IS ReGLOSS】,2025-08-25T17:01:24Z,none,2025-08-25T14:00:43Z,2025-08-25T16:49:35Z,2025-08-25T14:00:00Z,2.81,46002,4863,110
@IchijouRirika,yHyIGLNSD0U,【PEAK】ホロメンと山登りデ～～～～ト！！！！！！！ポルポル、フブキ先輩、奏！【一条莉々華/hololive DEV_IS ReGLOSS】,2025-08-25T16:20:44Z,none,2025-08-25T12:03:15Z,2025-08-25T13:52:25Z,2025-08-25T12:00:00Z,1.82,29470,3922,69
@ShiroganeNoel,AlOdoA5eoTk,【ASMR】9月も頑張れる♡まだまだ暑い日に気持ちイイ♡心安らぐ安眠ASMR💤【白銀ノエル/ホロライブ】,2025-08-31T15:26:09Z,none,2025-08-31T14:00:13Z,2025-08-31T15:20:36Z,2025-08-31T14:00:00Z,1.34,164904,11738,157
@ShiroganeNoel,senPpba3mLY,【朝活雑談】このあとホロごえ生放送だ～！おはまっするさんでーッッ🌞✨【白銀ノエル/ホロライブ】,2025-08-31T02:46:29Z,none,2025-08-31T01:00:47Z,2025-08-31T02:27:16Z,2025-08-31T01:00:00Z,1.44,65891,5804,52
@ShiroganeNoel,AZ1exX3nc6c,【#NELLマットレス】白銀ノエルのNELLラジ放送📻📢みんなの睡眠事情聞かせて～！【白銀ノエル/ホロライブ】,2025-08-29T14:14:15Z,none,2025-08-29T13:00:22Z,2025-08-29T14:09:36Z,2025-08-29T13:00:00Z,1.15,36913,4155,51
@ShiroganeNoel,FkCuyEIx2PM,【#だんちょと世界犬の日】今日は世界犬の日！団員さんのわんちゃん鑑賞会✨【白銀ノエル/ホロライブ】,2025-08-26T13:52:45Z,none,2025-08-26T11:00:17Z,2025-08-26T13:42:56Z,2025-08-26T11:00:00Z,2.71,104700,7584,87
@AiraniIofifteen,6ki721yATEE,【Coral Island】Help?【 iofi / hololiveID 】,2025-08-29T10:38:47Z,none,2025-08-29T05:05:31Z,2025-08-29T10:02:52Z,2025-08-29T05:00:00Z,4.96,17143,3070,14
@AiraniIofifteen,wBs3kZCRwY0,【Coral Island】Bercocok tanam bersama @MoonaHoshinova 😏【 iofi / hololiveID 】,2025-08-27T15:53:09Z,none,2025-08-27T12:32:26Z,2025-08-27T15:20:24Z,2025-08-27T12:30:00Z,2.8,14447,2843,12
@AiraniIofifteen,Vdt_dscItYE,【Apex Legends】PEW PEW ADDICTION【 iofi / hololiveID 】,2025-08-27T11:56:47Z,none,2025-08-27T09:00:40Z,2025-08-27T11:39:11Z,2025-08-27T09:00:00Z,2.64,14684,2567,10
@AiraniIofifteen,uhAse_AlgtA,【日本事故物件監視協会（JSP）】これは...うん...【 iofi / hololiveID 】,2025-08-26T15:34:22Z,none,2025-08-26T14:03:19Z,2025-08-26T15:23:54Z,2025-08-26T14:00:00Z,1.34,18079,3257,18
@AiraniIofifteen,6_jM70m5dsA,【Apex Legends】Visiting The Game After A Few Years; What Changed? 【 iofi / hololiveID 】,2025-08-26T12:07:29Z,none,2025-08-26T09:02:14Z,2025-08-26T11:37:08Z,2025-08-26T09:00:00Z,2.58,22947,3123,11
@ShirakamiFubuki,AmBVS8U7L7I,【 #ホロ7DTDハード】　最終回！？ドドド珍最終迎撃拠点！荒れ地バイオーム編【ホロライブ/白上フブキ】,2025-08-30T16:51:02Z,none,2025-08-30T13:00:28Z,2025-08-30T16:35:54Z,2025-08-30T13:00:00Z,3.59,116054,7287,86
@ShirakamiFubuki,VYzORM3X-vc,【 #ホロ7DTDハード】DAY13　最期の地…最後の準備　荒れ地バイオーム編【ホロライブ/白上フブキ】,2025-08-29T16:09:02Z,none,2025-08-29T13:14:26Z,2025-08-29T15:40:19Z,2025-08-29T13:15:00Z,2.43,91084,6107,62
@ShirakamiFubuki,1SEGzBbRFIo,【#ホロライブホラー2025】恐怖の３大企画 ホロライブホラー2025 【ホロライブ/白上フブキ】,2025-08-29T13:07:54Z,none,2025-08-29T11:18:43Z,2025-08-29T12:59:05Z,2025-08-29T11:00:00Z,1.67,618214,31217,262
@ShirakamiFubuki,WFdM1mzoQC8,【HOLOEARTH】✨️告知あり✨️ヤマトファンタジア見たり！ポーカーしたり！遊ぶぞぉおお　#白上フブキ降臨祭【ホロライブ/白上フブキ】,2025-08-28T12:50:12Z,none,2025-08-28T11:12:15Z,2025-08-28T12:43:14Z,2025-08-28T11:00:00Z,1.52,137747,9977,71
@ShirakamiFubuki,B0RvfYv3ArE,【 #ホロ7DTDハード】DAY12　決戦！！雪山の無限城とCHIJYO隊　雪原バイオーム編【ホロライブ/白上フブキ】,2025-08-27T17:14:00Z,none,2025-08-27T12:57:57Z,2025-08-27T17:00:09Z,2025-08-27T13:00:00Z,4.04,121594,7406,53
@ShirakamiFubuki,_SBSc-vkv8o,【PEAK】突発コラボで山登り！！　このメンバー…大丈夫だろうか！？【ホロライブ/白上フブキ】,2025-08-25T14:01:45Z,none,2025-08-25T12:01:26Z,2025-08-25T13:52:40Z,2025-08-25T12:00:00Z,1.85,140632,7873,61
@InugamiKorone,tEnmQfKB4-o,#9【ELDEN RING】フロムゲー初心者、「エルデンリング」のクリアを目指す旅！！！【戌神ころね】※ネタバレあり,2025-08-31T11:54:59Z,none,2025-08-31T04:00:49Z,2025-08-31T11:28:11Z,2025-08-31T04:00:00Z,7.46,355538,12984,84
@InugamiKorone,VjIuExyPQDo,#8【ELDEN RING】フロムゲー初心者、「エルデンリング」のクリアを目指す旅！！！【戌神ころね】※ネタバレあり,2025-08-30T11:11:10Z,none,2025-08-30T05:15:06Z,2025-08-30T10:51:30Z,2025-08-30T05:15:00Z,5.61,294573,11924,78
@InugamiKorone,UGpMUHDvrdQ,【案件】『ソニックレーシング クロスワールド』オープンネットワークテストやるぞ！！！【戌神ころね】,2025-08-29T13:34:48Z,none,2025-08-29T12:00:28Z,2025-08-29T13:29:24Z,2025-08-29T12:00:00Z,1.48,80962,6550,78
@InugamiKorone,a1bssBMLyW0,#5【ウマ娘】メインストーリーやるぞ！ 【プリティーダービー】～第１部‐第３章＆第４章（どっちもできたらいいな）～,2025-08-27T16:25:32Z,none,2025-08-27T11:01:16Z,2025-08-27T16:05:07Z,2025-08-27T11:00:00Z,5.06,250604,10787,99
@InugamiKorone,kFEa0-Pn1K4,【Heal】老人謎解きゲー！？じっちゃんの名に掛けて！！！【戌神ころね】,2025-08-26T14:13:21Z,none,2025-08-26T11:59:49Z,2025-08-26T14:06:21Z,2025-08-26T12:00:00Z,2.11,105058,6955,52
@OozoraSubaru,OjKBcNcfaJA,【#3】ナルティメットストーム２するしゅばああああああああああああああああああああ！！！！！【ネタバレあり】,2025-08-31T10:21:00Z,none,2025-08-31T04:01:57Z,2025-08-31T09:23:15Z,2025-08-31T04:00:00Z,5.36,311361,10517,226
@OozoraSubaru,8hKuxWvyznA,【#ホロ7DTDハード】最終襲撃！！！ゾンビVS人間のバトルしゅばあああああああああああああああ！！！！！：7days to die【ホロライブ/大空スバル】,2025-08-30T17:08:13Z,none,2025-08-30T13:02:36Z,2025-08-30T16:34:21Z,2025-08-30T13:00:00Z,3.53,163328,7925,80
@OozoraSubaru,-cysRaXipJQ,【#2】ナルティメットストーム２するしゅばああああああああああああああああああああ！！！！！【ネタバレあり】,2025-08-30T08:42:48Z,none,2025-08-30T04:03:30Z,2025-08-30T08:30:25Z,2025-08-30T04:00:00Z,4.45,226006,6939,99
@OozoraSubaru,-2S1oYAtz80,【#生スバル】おはすば！！！！！ / OHASHUBA！！！FREE TALK【ホロライブ/大空スバル】,2025-08-30T03:05:20Z,none,2025-08-30T01:01:02Z,2025-08-30T02:47:22Z,2025-08-30T01:00:00Z,1.77,165980,10870,106
@OozoraSubaru,xC6qj7Wtzeo,【#2】新機動戦記ガンダムW 同時視聴会【ホロライブ/大空スバル】,2025-08-29T15:21:47Z,none,2025-08-29T12:02:14Z,2025-08-29T15:11:18Z,2025-08-29T12:00:00Z,3.15,111589,6653,104
@OozoraSubaru,3EiB8kF_PAw,【#生スバル】あなたの願望をかなえます✨ホロライブ罵倒選手権！！！！【ホロライブ/大空スバル】,2025-08-28T13:17:55Z,none,2025-08-28T12:10:39Z,2025-08-28T13:12:06Z,2025-08-28T12:10:00Z,1.02,536407,31118,625
@TokinoSora,6OGGfd0_Xk4,【歌】あともう少しで１３１万！この枠でいくかな～？【ホロライブ/ときのそら】,2025-08-31T07:12:54Z,none,2025-08-31T05:31:53Z,2025-08-31T07:06:33Z,2025-08-31T05:30:00Z,1.58,40695,6107,62
@TokinoSora,SvTnIEJfDGM,【ゼルダの伝説 ムジュラの仮面】ビンを・・・ビンをくださーーーい！！！【ホロライブ/ときのそら】,2025-08-30T09:55:58Z,none,2025-08-30T05:01:12Z,2025-08-30T09:16:34Z,2025-08-30T05:00:00Z,4.26,35095,4485,39
@TokinoSora,9wzexvF9V4o,【ネタバレ注意】都市伝説によばれし主人公っていいよね～都市伝説解体センター～【ホロライブ/ときのそら】,2025-08-28T17:04:53Z,none,2025-08-28T14:55:15Z,2025-08-28T16:51:39Z,2025-08-28T14:50:00Z,1.94,22044,3624,35
@TokinoSora,6nEQFBO5V2E,【歌】今日は思いっきり歌いたい気分♪【ホロライブ/ときのそら】,2025-08-26T13:11:46Z,none,2025-08-26T11:33:19Z,2025-08-26T13:04:35Z,2025-08-26T11:30:00Z,1.52,54600,7066,66
@holoen_raorapanthera,5P7rft_fCVk,[Yu-Gi-Oh! WCS 2025] Watching WCS with Colossa and dueling with Liz!!! #pr,2025-08-30T18:46:18Z,none,2025-08-30T15:15:40Z,2025-08-30T18:31:04Z,2025-08-30T15:15:00Z,3.26,55039,6760,41
@holoen_raorapanthera,ltzWlEkXxh0,【ALL FOR ONE - AFTERPARTY】 I AM AN IDOL NOW!✨ CHIT CHAT ABOUT THE CONCERT,2025-08-28T23:44:48Z,none,2025-08-28T20:00:46Z,2025-08-28T23:33:25Z,2025-08-28T20:00:00Z,3.54,47552,7695,65
@TakanashiKiara,USRojXwfi3w,【HOLLOW KNIGHT】a wise girl once said 'nothing beats a groundpound' #kfp #キアライブ,2025-08-31T23:29:25Z,none,2025-08-31T15:22:30Z,2025-08-31T23:06:01Z,2025-08-31T15:15:00Z,7.73,47530,6144,56
@TakanashiKiara,pO0xXIEo5xE,【HOLLOW KNIGHT】must save ALL caterpillars!!!!! #kfp #キアライブ,2025-08-30T22:42:24Z,none,2025-08-30T15:03:50Z,2025-08-30T22:22:55Z,2025-08-30T15:00:00Z,7.32,56781,6609,76
@TakanashiKiara,SLJqYN3zX6o,【HOLLOW KNIGHT】speedrunning this game b4 SILKSONG! #kfp #キアライブ,2025-08-29T22:24:54Z,none,2025-08-29T15:18:00Z,2025-08-29T22:06:44Z,2025-08-29T15:15:00Z,6.81,67939,7355,80
@TakanashiKiara,hi4ju6GO8Rw,【BLUE PRINCE】you can't escape the wawa blue prince streams #kfp #キアライブ,2025-08-28T23:20:44Z,none,2025-08-28T14:47:55Z,2025-08-28T22:59:53Z,2025-08-28T14:45:00Z,8.2,41477,6067,45
@TakanashiKiara,8deE3F_WgBA,【RECAP YAP】　I AM BACK from New York✨ #kfp #キアライブ,2025-08-27T21:38:07Z,none,2025-08-27T18:03:02Z,2025-08-27T21:28:10Z,2025-08-27T18:00:00Z,3.42,46779,7903,141
@OokamiMio,gsbzCOmfY-0,【 #朝ミオ 】９月だ！！！月曜日だよ～～おはみぉーん！,2025-08-31T23:51:29Z,none,2025-08-31T22:31:21Z,2025-08-31T23:46:27Z,2025-08-31T22:30:00Z,1.25,93705,8314,50
@OokamiMio,5L5WzrbbsxI,【 #ホロ7DTDハード 】最終襲撃なるか・・？！荒れ地で迎え撃つ！！！【大神ミオ視点】,2025-08-30T16:46:49Z,none,2025-08-30T13:01:13Z,2025-08-30T16:35:20Z,2025-08-30T13:00:00Z,3.57,78926,6400,85
@OokamiMio,kRh2s8W6Spg,【 #ホロ7DTDハード 】ついに荒れ地に！荒れ地のミッションどうなる？！【大神ミオ視点】,2025-08-29T15:54:25Z,none,2025-08-29T12:00:17Z,2025-08-29T15:41:04Z,2025-08-29T12:00:00Z,3.68,89553,6363,45
@OokamiMio,Mq9pI3YX4kk,【 #ホロ7DTDハード 】雪原襲撃日！無限城は大丈夫そ？【大神ミオ視点】,2025-08-27T17:14:37Z,none,2025-08-27T13:04:31Z,2025-08-27T16:59:41Z,2025-08-27T13:00:00Z,3.92,83768,6368,48
@OokamiMio,SVmENz7QKvE,【 HoloCure 】久しぶりにHoloCureをやりたくなった狼【 ホロライブ / 大神ミオ 】,2025-08-26T12:31:50Z,none,2025-08-26T10:01:33Z,2025-08-26T12:22:58Z,2025-08-26T10:00:00Z,2.36,153820,9935,56
@holoen_gigimurin,S0JRuVVnWDg,【CHEERING ROOM】ALL FOR WANNNNNNN!!!!,2025-09-01T00:46:17Z,none,2025-08-31T21:00:50Z,2025-09-01T00:33:24Z,2025-08-31T21:00:00Z,3.54,42489,7064,48
@holoen_gigimurin,hfxxsIRHbIo,【Yu-Gi-Oh! WCS 2025】IT'S TIME FOR THE FINALS! Watching with Colossa! LET'S DUEL #ad,2025-08-30T15:07:26Z,none,2025-08-30T12:27:12Z,2025-08-30T14:52:42Z,2025-08-30T12:30:00Z,2.42,32977,4584,26
@Robocosan,RANm14s5g2E,【 VALORANT 】ボクが眠るまでは８月なんだから！！　【ホロライブ/ ロボ子さん】,2025-08-31T20:27:17Z,none,2025-08-31T16:00:22Z,2025-08-31T20:13:02Z,2025-08-31T16:00:00Z,4.21,36038,4974,28
@Robocosan,8d6plqbI4YQ,【 雀魂】ガチャの時間だあ🐍顔合わせの前にコソ練してみるPON!!　DREAM MATCH 雀魂下剋上リーグ　【ホロライブ/ ロボ子さん】,2025-08-31T08:06:54Z,none,2025-08-31T05:02:13Z,2025-08-31T07:56:20Z,2025-08-31T05:00:00Z,2.9,37896,4673,38
@Robocosan,JCjGuZsmyIY,【縦型歌枠】眠れないので深夜の歌やりゅ　【ホロライブ/ ロボ子さん】,2025-08-30T20:15:33Z,none,2025-08-30T17:22:43Z,2025-08-30T20:06:21Z,2025-08-30T17:20:00Z,2.73,82041,7744,61
@Robocosan,p4aH0FGjs-U,【縦型歌枠】眠れないので深夜の歌やりゅ　【ホロライブ/ ロボ子さん】,2025-08-30T17:22:01Z,none,2025-08-30T17:20:14Z,2025-08-30T17:20:27Z,2025-08-30T17:30:00Z,0.0,10053,1683,135
@Robocosan,4TLTTx-LBXY,【 #ホロ7DTDハード 】LAST DAYs 最終決戦の幕開けだ　【ホロライブ/ ロボ子さん】,2025-08-30T16:53:23Z,none,2025-08-30T13:01:38Z,2025-08-30T16:37:17Z,2025-08-30T13:00:00Z,3.59,35990,4854,43
@Robocosan,wrgXwiWgXaI,【オフコラボ/カメラ有】指示厨ChatGPT降臨！？夏祭りチャレンジ！ろぼりり初めての限界氷スイーツ作り🍧　【ホロライブ/ ロボ子さん】,2025-08-27T12:55:29Z,none,2025-08-27T11:04:02Z,2025-08-27T12:46:35Z,2025-08-27T11:00:00Z,1.71,66338,6557,69
@Robocosan,Yj38Hu3g2Jk,【 PEAK】#ゴリポンゲス　で山登りいいいいいいいいい！　【ホロライブ/ ロボ子さん】,2025-08-25T15:03:36Z,none,2025-08-25T11:59:11Z,2025-08-25T14:46:39Z,2025-08-25T12:00:00Z,2.79,33677,6451,51
@TodorokiHajime,485Bai2zm_M,【Abyssdia】スカヤさんから学ぶ！新作ゲーム『アビスディア』の魅力！【轟はじめ/ReGLOSS】,2025-08-30T11:12:51Z,none,2025-08-30T10:00:23Z,2025-08-30T11:01:34Z,2025-08-30T10:00:00Z,1.02,33696,3315,39
@TodorokiHajime,8EE95tMwWCw,楽しく歌っちゃお！【轟はじめ】,2025-08-29T15:24:35Z,none,2025-08-29T13:10:21Z,2025-08-29T15:03:26Z,2025-08-29T13:10:03Z,1.88,107244,7748,80
@TodorokiHajime,FkgUxPxy3Cw,＃５【JUDGE EYES：死神の遺言】初見でいくジャッジアイズ！８章途中から！【轟はじめ/ReGLOSS】※ネタバレあり,2025-08-28T15:20:46Z,none,2025-08-28T10:30:47Z,2025-08-28T15:03:48Z,2025-08-28T10:30:00Z,4.55,115964,5484,62
@TodorokiHajime,QKeARzujfV0,【雑談】北海道に帰ってましたん！【轟はじめ/ReGLOSS】,2025-08-25T11:39:14Z,none,2025-08-25T10:00:17Z,2025-08-25T11:24:08Z,2025-08-25T10:00:00Z,1.4,74620,6393,114
@AkiRosenthal,32zodqjXvpU,【 マリオカートワールド 】ちょっとまってマリオカート楽しすぎない？【アキロゼ/ホロライブ】,2025-08-31T17:29:04Z,none,2025-08-31T15:01:42Z,2025-08-31T17:18:55Z,2025-08-31T15:00:00Z,2.29,42719,4344,19
@AkiRosenthal,uDeU9gqulxs,【チームファイト タクティクス】TFTはじめたばかりのド新人だけどいけますか！？ 【ホロライブ/アキロゼ】,2025-08-30T12:28:28Z,none,2025-08-30T04:52:34Z,2025-08-30T12:07:45Z,2025-08-30T04:50:00Z,7.25,53571,4346,18
@AkiRosenthal,JFpXdix3ylI,【 マリオカートワールド 】緊急配信！ついにswitch2ゲットしたので遊んでみる！【アキロゼ/ホロライブ】,2025-08-29T16:28:37Z,none,2025-08-29T15:04:02Z,2025-08-29T16:16:24Z,2025-08-29T15:00:00Z,1.21,47427,4981,31
@AkiRosenthal,zVV65KtpyNc,【 雑談/Free Talk 】ひさしぶりにゆっくり話そー！！【アキロゼ/ホロライブ】,2025-08-27T16:38:52Z,none,2025-08-27T14:33:05Z,2025-08-27T16:25:41Z,2025-08-27T14:30:00Z,1.88,29424,4539,38
@AkiRosenthal,9gSLbJ5QreI,【 PEAK 】フレア、りりーかと山登り🏔今日のＭＡＰ難易度はいったい…ゴクリ【アキロゼ/ホロライブ】,2025-08-26T15:03:09Z,none,2025-08-26T12:07:23Z,2025-08-26T14:54:44Z,2025-08-26T12:00:00Z,2.79,42655,4880,24
@AkiRosenthal,hC2uo7EPbiA,アキちょこナイトパレット第2回～ホロライブ深夜ラジオ～,2025-08-25T15:15:33Z,none,2025-08-25T14:46:49Z,2025-08-25T15:12:55Z,2025-08-25T14:40:00Z,0.43,41686,6625,55
@NatsuiroMatsuri,QOibPljuCpI,【 nosh 】自炊したくない！楽したい！/運営さん「ぴったりのものが・・・」【ホロライブ/夏色まつり】,2025-08-31T12:12:55Z,none,2025-08-31T10:59:06Z,2025-08-31T12:07:34Z,2025-08-31T11:00:00Z,1.14,23042,3405,13
@NatsuiroMatsuri,eID1t5EFf7Y,【 シャドバWB/Shadowverse 】新パックきちゃ～！！！！！！！【ホロライブ/夏色まつり】,2025-08-30T09:09:29Z,none,2025-08-30T07:00:52Z,2025-08-30T08:50:06Z,2025-08-30T06:00:00Z,1.82,28167,2631,11
@NatsuiroMatsuri,Vf6zwB0PnA4,【30 Days on Ship】30日一人で生き残るぞ！！！【ホロライブ/夏色まつり】,2025-08-28T11:32:42Z,none,2025-08-28T09:58:58Z,2025-08-28T11:26:57Z,2025-08-28T10:00:00Z,1.47,47370,4709,16
@NatsuiroMatsuri,DMHMb3PRISo,【 シャドバWB/Shadowverse 】ランクするよ～！【ホロライブ/夏色まつり】,2025-08-26T15:05:33Z,none,2025-08-26T12:59:28Z,2025-08-26T14:55:16Z,2025-08-26T13:00:00Z,1.93,31601,2881,25
@HakuiKoyori,XeMP4UUKyw0,【 #ホロライブ甲子園2025 】チーム＆地域を決める！ドラフト会議！！！【さくらみこ・宝鐘マリン・一条莉々華・博衣こより/ホロライブ】,2025-08-31T11:38:12Z,none,2025-08-31T10:00:39Z,2025-08-31T11:31:16Z,2025-08-31T10:00:00Z,1.51,439891,17784,337
@HakuiKoyori,FFcd2qWiMeA,【うたわれるもの 二人の白皇】完全初見！昨日の展開ヤバすぎて今日もヤバそうどきどきどきどき #7 【博衣こより/ホロライブ】,2025-08-31T09:51:52Z,none,2025-08-31T02:00:37Z,2025-08-31T09:18:53Z,2025-08-31T02:00:00Z,7.3,149811,6090,81
@HakuiKoyori,jGRE-J7kSOY,【重大告知】 #ホロライブ甲子園2025 開催！！企画説明会！！！【博衣こより/ホロライブ】,2025-08-30T10:53:54Z,none,2025-08-30T09:59:39Z,2025-08-30T10:49:31Z,2025-08-30T10:00:00Z,0.83,172599,9825,160
@HakuiKoyori,p7wuGWqj9r4,【うたわれるもの 二人の白皇】完全初見！ナコク決戦・・・マロロ～～～～～😭 #6 【博衣こより/ホロライブ】,2025-08-30T09:42:09Z,none,2025-08-30T02:00:35Z,2025-08-30T08:33:37Z,2025-08-30T02:00:00Z,6.55,142337,6196,93
@HakuiKoyori,h9G_O-5EvxM,【ドラゴンボールZ KAKAROT】夏だ！初見だ！最終回だ！そして10年後・・・遂にいくぞ！！！！！ #10 【博衣こより/ホロライブ】※ネタバレあり,2025-08-29T15:26:29Z,none,2025-08-29T11:00:15Z,2025-08-29T15:06:27Z,2025-08-29T11:00:00Z,4.1,107375,5496,59
@HakuiKoyori,JFbNiwZg5qc,【 シャドバWB 】新弾「絶傑の継承者」むくぞおおおおおおおお！！！！！！！【博衣こより/ホロライブ】,2025-08-28T16:55:43Z,none,2025-08-28T12:59:51Z,2025-08-28T16:38:07Z,2025-08-28T13:00:00Z,3.64,69042,4268,30
@HakuiKoyori,WptFGUTBLPE,【 #ラプラス・ダークネスへの挑戦状 】告知アリ！ラプラスはこよりの解答をすべて当てられるのか！？検証！【宝鐘マリン/ラプラス・ダークネス/博衣こより/ホロライブ】,2025-08-28T12:07:37Z,none,2025-08-28T11:02:45Z,2025-08-28T12:02:31Z,2025-08-28T11:00:00Z,1.0,296415,15911,114
@HakuiKoyori,KK4kh1s4Gxc,【ドラゴンボールZ KAKAROT】夏だ！初見だ！ドラゴンボールだ！天下一武道会編いくぞおおおおおおお！！！ #9 【博衣こより/ホロライブ】※ネタバレあり,2025-08-27T13:59:22Z,none,2025-08-27T10:00:41Z,2025-08-27T13:46:32Z,2025-08-27T10:00:00Z,3.76,101470,5470,56
@HakuiKoyori,zwSEPwsE3Fo,【ドラゴンボールZ KAKAROT】夏だ！初見だ！ドラゴンボールだ！バーダック編いくぞおおおおおおお！！！…誰！？ #9 【博衣こより/ホロライブ】※ネタバレあり,2025-08-26T14:54:30Z,none,2025-08-26T10:00:59Z,2025-08-26T14:38:22Z,2025-08-26T10:00:00Z,4.62,119166,6178,70
@HakuiKoyori,MfikD3pdSwI,【 #朝こよ 】8月最後の！火曜日の朝は朝こよ～～～！☀ #247 【博衣こより/hololive】,2025-08-25T23:10:29Z,none,2025-08-25T22:00:49Z,2025-08-25T23:06:51Z,2025-08-25T22:00:00Z,1.1,84044,7123,61
@HakuiKoyori,uXQiO_LAmRI,【ドラゴンボールZ KAKAROT】夏だ！初見だ！ドラゴンボールだ！TRUNKSいくぞおおおおおおお！！！！！ #8 【博衣こより/ホロライブ】※ネタバレあり,2025-08-25T15:05:19Z,none,2025-08-25T09:59:55Z,2025-08-25T14:51:05Z,2025-08-25T10:00:00Z,4.85,158598,7023,75
@NerissaRavencroft,1RjMJFPUXe0,Let's talk about 'All for One' !,2025-08-29T01:58:38Z,none,2025-08-28T23:55:06Z,2025-08-29T01:43:34Z,2025-08-29T00:00:00Z,1.81,56722,8013,322
@holoen_ceciliaimmergreen,tMq7Ihh9Aow,【THANK GOODNESS YOU'RE HERE!】I found you otomos! Right there!,2025-08-31T22:40:39Z,none,2025-08-31T19:00:52Z,2025-08-31T22:29:19Z,2025-08-31T19:00:00Z,3.47,46540,7361,94
@holoen_ceciliaimmergreen,yKN2IVlRc6E,【Yu-Gi-Oh! WCS 2025】CCGG watching the Yu-Gi-Oh! World Championship! YAY #sponsored,2025-08-29T19:14:03Z,none,2025-08-29T17:11:17Z,2025-08-29T18:58:23Z,2025-08-29T17:00:00Z,1.78,42770,5983,68
@holoen_ceciliaimmergreen,zRh0RkmL0ww,【CONCERT AFTER TALK】MY FIRST CONCERT! scuffed setup yes,2025-08-28T22:01:44Z,none,2025-08-28T19:02:11Z,2025-08-28T21:51:35Z,2025-08-28T19:00:00Z,2.82,43721,6926,126
@TakaneLui,kZZxolWIrcM,【 日本事故物件監視協会 】明日コラボ予定なので限界感じるまで耐性つけます⚠恐怖注意【鷹嶺ルイ/ホロライブ】,2025-08-31T16:48:37Z,none,2025-08-31T14:01:49Z,2025-08-31T16:38:47Z,2025-08-31T14:00:00Z,2.62,108046,7600,36
@TakaneLui,Q77xc1oqJL4,【 #ホロ7DTDハード 】LAST DAY | 最後有終の美を飾れるのか！？【鷹嶺ルイ/ホロライブ】,2025-08-30T17:01:56Z,none,2025-08-30T13:36:39Z,2025-08-30T16:38:28Z,2025-08-30T13:00:00Z,3.03,36023,4140,16
@TakaneLui,-aUGB38kPf4,【 龍が如く0 】極より前のお話⁉完全初見でいく誓いの場所。：Yakuza 0【鷹嶺ルイ/ホロライブ】※ネタバレあり,2025-08-30T10:33:36Z,none,2025-08-30T03:01:29Z,2025-08-30T09:33:57Z,2025-08-30T03:00:00Z,6.54,139933,5413,50
@TakaneLui,AFA5FLgKgA4,【 同時視聴/Watchalong 】『ハリーポッターと不死鳥の騎士団』視聴会。未履修おかゆにハリポタを布教！【 #ホロハリポタ布教部 /ホロライブ】,2025-08-25T16:45:44Z,none,2025-08-25T14:00:59Z,2025-08-25T16:35:09Z,2025-08-25T14:00:00Z,2.57,64592,4689,39
@ShishiroBotan,9zsKX-2-UMM,【告知あり！】実ははじめての逆凸💖 #逆凸ぼたん【獅白ぼたん/ホロライブ】,2025-08-31T10:08:30Z,none,2025-08-31T09:00:37Z,2025-08-31T10:03:46Z,2025-08-31T09:00:00Z,1.05,222748,12986,62
@ShishiroBotan,bmWO3BdrolU,【#ホロ7DTDハード Day14】荒れ地の襲撃！みんなで無事フィナーレを飾りたいっ【獅白ぼたん/ホロライブ】,2025-08-30T17:03:53Z,none,2025-08-30T13:01:28Z,2025-08-30T16:35:47Z,2025-08-30T13:00:00Z,3.57,76546,5636,34
@ShishiroBotan,Rw2IqMD0SVg,【#ホロ7DTDハード Day13】荒れ地で最後の襲撃にそなえ準備をするぞい！【獅白ぼたん/ホロライブ】,2025-08-29T15:54:24Z,none,2025-08-29T14:01:14Z,2025-08-29T15:40:55Z,2025-08-29T14:00:00Z,1.66,57847,4568,27
@ShishiroBotan,K_biJa3JE18,【スト6】ストリートファイターリーグ2025（Division S 第1節）同時視聴！#SFリーグ【獅白ぼたん/ホロライブ】,2025-08-29T14:00:25Z,none,2025-08-29T09:40:36Z,2025-08-29T13:46:01Z,2025-08-29T09:40:00Z,4.09,100142,4954,22
@ShishiroBotan,QTxOZrr1Gr4,【スト6】サガットを勉強する！ #あきひろ中学校【獅白ぼたん/ホロライブ】,2025-08-28T13:16:21Z,none,2025-08-28T11:01:14Z,2025-08-28T13:06:57Z,2025-08-28T11:00:00Z,2.1,78905,5105,29
@ShishiroBotan,R-Dnwoc6BWM,【#ホロ7DTDハード Day12】今日は雪原の襲撃日！迎え撃つぞ～！！❅【獅白ぼたん/ホロライブ】,2025-08-27T17:11:34Z,none,2025-08-27T13:01:30Z,2025-08-27T17:00:29Z,2025-08-27T13:00:00Z,3.98,95459,6270,34
@kazamairoha,u2CRhtb-7aA,風真いろはの #ねるまえらじお 📻❣ #01,2025-08-31T16:32:11Z,none,2025-08-31T15:28:30Z,2025-08-31T16:00:28Z,2025-08-31T15:30:00Z,0.53,62258,9213,175
@kazamairoha,KdTa_laDqgQ,【丁字路】ホロメンオススメホラゲその1、ほんとにできる・・？【風真いろは/ホロライブ】,2025-08-30T12:55:56Z,none,2025-08-30T10:00:31Z,2025-08-30T12:39:23Z,2025-08-30T10:00:00Z,2.65,120244,9687,103
@kazamairoha,WRUkYIJXvQU,【Minecraft】自分まだやれます。リベンジさせてください🔥【風真いろは/ホロライブ】,2025-08-27T16:00:18Z,none,2025-08-27T10:59:16Z,2025-08-27T15:38:12Z,2025-08-27T11:00:00Z,4.65,114048,7802,59
@KosekiBijou,dPEMyKFpbvk,【Hollow Knight】PANTHEON,2025-09-01T02:12:45Z,none,2025-08-31T22:57:04Z,2025-09-01T02:03:34Z,2025-08-31T23:00:00Z,3.11,62059,6736,46
@KosekiBijou,m7QERH7_gOw,【Hatsune Miku: Project DIVA Mega Mix+】Watch me dance terribly to Vocaloid Songs. #mocopi【3D STREAM】,2025-08-31T04:25:58Z,none,2025-08-31T01:03:07Z,2025-08-31T04:10:22Z,2025-08-31T01:00:00Z,3.12,83280,10010,95
@KosekiBijou,R1TyQTCrQ9Y,【ALIEN: ISOLATION】I'M BACK-oh...thanks past Biboo...,2025-08-29T08:58:58Z,none,2025-08-29T02:00:38Z,2025-08-29T08:29:35Z,2025-08-29T02:00:00Z,6.48,109723,11103,95
@YubariRei,kHXPWHSwut8,【恐怖耐性診断テスト】ビビりと思われているので本気出したら恐怖耐性あるところ見せます | 新人VTuber悠針れい #ゆうばりタイム,2025-08-30T05:29:43Z,none,2025-08-30T04:00:23Z,2025-08-30T05:10:47Z,2025-08-30T04:00:00Z,1.17,13549,2595,77
@YubariRei,cTwvs4mgA5U,今までの耳鼻科歴と今後の扁桃腺摘出手術について怖くない感じで話します！【上咽頭炎/難聴疑惑】新人VTuber悠針れい #ゆうばりタイム,2025-08-28T05:39:00Z,none,2025-08-28T03:59:45Z,2025-08-28T05:00:51Z,2025-08-28T04:00:00Z,1.02,17837,2938,99
@YubariRei,j7tnO44bwKA,みんなの気まずい瞬間を集めたら共感しかなかった…【コメント紹介】新人VTuber悠針れい #ゆうばりタイム,2025-08-26T05:28:33Z,none,2025-08-26T04:00:23Z,2025-08-26T05:01:45Z,2025-08-26T04:00:00Z,1.02,17843,3184,85
@RindoChihaya,_Xxm_4GMOfM,【雑談 】夏終わらないで～～！【#輪堂千速 / #hololivedev_is #FLOWGLOW 】,2025-08-31T12:05:50Z,none,2025-08-31T11:11:25Z,2025-08-31T11:57:47Z,2025-08-31T11:10:00Z,0.77,44578,5009,136
@RindoChihaya,sGeiH0hPE24,【 #ホロ7DTDハード 】きょうで最後にする！！！！襲撃だ！！【#輪堂千速 / #hololivedev_is #FLOWGLOW 】,2025-08-30T16:50:45Z,none,2025-08-30T13:01:37Z,2025-08-30T16:37:52Z,2025-08-30T13:00:00Z,3.6,48448,4708,125
@RindoChihaya,zTzWXPEglnE,【VRChat 】FGこの夏最後の思い出作り！ぽこピーランドにいくぞ！【#輪堂千速 / #hololivedev_is #FLOWGLOW 】,2025-08-30T06:25:40Z,none,2025-08-30T04:03:37Z,2025-08-30T06:14:05Z,2025-08-30T04:00:00Z,2.17,36439,3635,81
@RindoChihaya,hw0RpTYm6cg,【 #ホロ7DTDハード 】最後の襲撃準備！！！！【#輪堂千速 / #hololivedev_is #FLOWGLOW 】,2025-08-29T15:53:30Z,none,2025-08-29T12:31:15Z,2025-08-29T15:41:49Z,2025-08-29T12:30:00Z,3.18,43006,4178,90
@RindoChihaya,waDxsXn4QEA,【 #ホロ7DTDハード 】雪山で襲撃！！！！！【#輪堂千速 / #hololivedev_is #FLOWGLOW 】,2025-08-27T17:16:57Z,none,2025-08-27T13:09:57Z,2025-08-27T17:05:23Z,2025-08-27T13:00:00Z,3.92,64403,5113,92
@ShiranuiFlare,e05L7KdfSuE,【スプラトゥーン3/サーモンラン】クマフェスらしいからswitch２の負荷テストもかねてうろこ乱獲しにいく【不知火フレア/ホロライブ】,2025-08-31T18:08:35Z,none,2025-08-31T14:33:15Z,2025-08-31T17:53:12Z,2025-08-31T14:30:00Z,3.33,49324,4700,18
@ShiranuiFlare,dQfpJVAwXcs,#04【Split Fiction】色んな世界に旅する #フレアーニャ の協力ゲー！【不知火フレア/ホロライブ】,2025-08-27T17:22:54Z,none,2025-08-27T13:03:36Z,2025-08-27T17:10:18Z,2025-08-27T13:00:00Z,4.11,37105,4898,28
@ShiranuiFlare,Yml8o1cJECs,【PEAK】二人のお姉さんに挟まれて再び山登り【不知火フレア/ホロライブ】,2025-08-26T15:02:24Z,none,2025-08-26T12:06:18Z,2025-08-26T14:53:40Z,2025-08-26T12:00:00Z,2.79,43899,4985,24
@KikiraraVivi,p72j2aIrRHM,【 未解決事件は終わらせないといけないから 】深夜に西の名探偵が未解決事件を解決します！【#綺々羅々ヴィヴィ #hololiveDEV_IS #FLOWGLOW】,2025-08-31T19:43:03Z,none,2025-08-31T13:15:43Z,2025-08-31T19:27:47Z,2025-08-31T13:10:00Z,6.2,83913,6291,30
@KikiraraVivi,OGP0I6yuiRE,【 VRChat 】FLOW GLOWでぽこぴーランドに遊びに行く！！🥜🎡【#綺々羅々ヴィヴィ #hololiveDEV_IS #FLOWGLOW】,2025-08-30T06:44:40Z,none,2025-08-30T04:04:07Z,2025-08-30T06:36:14Z,2025-08-30T04:00:00Z,2.54,51696,4501,35
@KikiraraVivi,XaJFfrBpJJI,【 しずかなおそうじ 】花王さん怖くないよね！？お掃除ならお任せください！【#綺々羅々ヴィヴィ #hololiveDEV_IS #FLOWGLOW】,2025-08-29T14:51:58Z,none,2025-08-29T11:59:34Z,2025-08-29T14:35:14Z,2025-08-29T12:00:00Z,2.59,49935,4595,39
@KikiraraVivi,KdM1euT2RoA,【 Prison Escape Simulator: Dig Out 】深夜に穴を掘って刑務所から脱獄！！！！！【#綺々羅々ヴィヴィ #hololiveDEV_IS #FLOWGLOW】,2025-08-28T20:07:53Z,none,2025-08-28T14:02:06Z,2025-08-28T19:50:45Z,2025-08-28T14:00:00Z,5.81,117876,7853,55
@KikiraraVivi,m0WPezM8uzE,【 ＃綺々羅々ヴィヴィ生誕祭2025 】初オンライン＆リアル凸待ち！🎂告知あり！【#綺々羅々ヴィヴィ #hololiveDEV_IS #FLOWGLOW】,2025-08-27T11:27:20Z,none,2025-08-27T10:00:33Z,2025-08-27T11:19:48Z,2025-08-27T10:00:00Z,1.32,314167,19679,310
@KikiraraVivi,TPh1lckLvsw,【 誕生日カウントダウン 】切り抜き鑑賞会して誕生日をみんなといっしょにむかえたい！！！！！【#綺々羅々ヴィヴィ #hololiveDEV_IS #FLOWGLOW】,2025-08-26T16:02:44Z,none,2025-08-26T13:59:57Z,2025-08-26T15:55:20Z,2025-08-26T14:00:00Z,1.92,127739,11516,212
@KikiraraVivi,WSIZvxJCOZQ,【 孵道 】絶対に振り返ってはいけない帰り道！？【#綺々羅々ヴィヴィ #hololiveDEV_IS #FLOWGLOW】,2025-08-26T11:11:53Z,none,2025-08-26T09:00:39Z,2025-08-26T10:54:54Z,2025-08-26T09:00:00Z,1.9,52335,4969,57
@KoganeiNiko,08BX2T5XO0g,【朝活】金曜の朝活！朝は浮腫むんだってば！【虎金妃笑虎】,2025-08-28T22:58:57Z,none,2025-08-28T21:01:56Z,2025-08-28T22:50:08Z,2025-08-28T21:00:00Z,1.8,46504,4526,56
@KoganeiNiko,QYP3_zsXQeo,【アニソン歌枠】アニソン歌いタイガー！【虎金妃笑虎】,2025-08-28T11:53:31Z,none,2025-08-28T09:02:06Z,2025-08-28T10:51:07Z,2025-08-28T09:00:00Z,1.82,64446,6264,76
@OuroKronii,J8tnqHZUy88,【Just Chatting】All For One Concert + NYC Trip,2025-09-01T06:51:17Z,none,2025-09-01T03:06:44Z,2025-09-01T06:39:22Z,2025-09-01T03:00:00Z,3.54,56992,8395,48
@TsunomakiWatame,EV8XDjR4CRg,【雑談＆お礼】心優しい（？）羊に戻りました🐏🍀【角巻わため/ホロライブ４期生】,2025-08-31T19:17:42Z,none,2025-08-31T13:06:55Z,2025-08-31T19:00:37Z,2025-08-31T13:00:00Z,5.89,93817,8058,72
@TsunomakiWatame,P0YvGPMa5tI,【 #ホロ7DTDハード | DAY14 】最終回！荒れ地で襲撃だ！７Days to Die！【角巻わため/ホロライブ４期生】,2025-08-30T16:48:26Z,none,2025-08-30T13:01:19Z,2025-08-30T16:36:15Z,2025-08-30T13:00:00Z,3.58,149473,8668,93
@TsunomakiWatame,DrXwkdhJgYs,【 #ホロ7DTDハード | DAY13 】DAY13！荒れ地襲撃準備！７Days to Die！【角巻わため/ホロライブ４期生】,2025-08-29T15:58:40Z,none,2025-08-29T12:00:22Z,2025-08-29T15:42:51Z,2025-08-29T12:00:00Z,3.71,178940,8579,66
@TsunomakiWatame,PBeOKCTJa2Y,【TCG Card Shop Simulator】アプデが来た！鑑定が激アツと聞いて🔍【角巻わため/ホロライブ４期生】,2025-08-28T17:22:04Z,none,2025-08-28T13:01:05Z,2025-08-28T17:08:45Z,2025-08-28T13:00:00Z,4.13,185823,9896,53
@TsunomakiWatame,1raOYVMqDKI,【 #ホロ7DTDハード | DAY12 】DAY12！雪原の襲撃が来るッ！７Days to Die！【角巻わため/ホロライブ４期生】,2025-08-27T17:17:44Z,none,2025-08-27T13:01:05Z,2025-08-27T17:00:35Z,2025-08-27T13:00:00Z,3.99,163713,8724,65
@AmaneKanata,EiWh3xMKGVs,【丁字路/ホラー】どうしたの？早くこっちにおいでよ。【天音かなた/ホロライブ】,2025-08-31T14:30:43Z,none,2025-08-31T13:01:43Z,2025-08-31T14:24:02Z,2025-08-31T13:00:00Z,1.37,99231,8068,85
@AmaneKanata,YwX0IuVl6NU,【作業用BGM】第9回 #ゴリレバ 定期深夜Chillラジオ【天音かなた、雪花ラミィ/ホロライブ】,2025-08-28T16:08:47Z,none,2025-08-28T14:00:40Z,2025-08-28T16:01:17Z,2025-08-28T14:00:00Z,2.01,161139,13311,146
@AmaneKanata,I8haw5xyxOg,【配信予定地】新ホロ鯖！んな姫が助けを求める声がする。【天音かなた/ホロライブ】,2025-08-27T10:12:05Z,none,2025-08-27T09:00:27Z,2025-08-27T10:03:44Z,2025-08-27T09:00:00Z,1.05,109090,7487,76
@AmaneKanata,04wvcJGI1Ec,【PEAK】#かなポルーナ で山登りハイキングす！！！！！ 【天音かなた視点/ホロライブ】,2025-08-26T16:44:24Z,none,2025-08-26T13:01:29Z,2025-08-26T16:28:59Z,2025-08-26T13:00:00Z,3.46,77855,6519,81
@AmaneKanata,Dh1QIfyFp4I,【PEAK】初コラボトリオで山登りするぞ～～！！！ #ゴリポンゲス 【天音かなた視点/ホロライブ】,2025-08-25T14:55:46Z,none,2025-08-25T12:01:25Z,2025-08-25T14:46:37Z,2025-08-25T12:00:00Z,2.75,82232,6970,76
@IRyS,_vyduA98lP0,【After-Live Talk】Back Home from New York!! #holoAllforOne,2025-08-28T08:27:12Z,none,2025-08-28T02:01:51Z,2025-08-28T07:22:09Z,2025-08-28T02:00:00Z,5.34,57639,7597,99
@PavoliaReine,dguYM_RTKLw,【BRUNCH STREAM】reine's back,2025-08-30T09:18:04Z,none,2025-08-30T05:04:31Z,2025-08-30T08:30:38Z,2025-08-30T05:00:00Z,3.44,12088,2621,22
@PavoliaReine,vnPU3Tve6fM,WEDDING AIR GROOVE LETS GOOOOOOOOOOOOOO (umamusume: pretty derby),2025-08-29T11:41:58Z,none,2025-08-29T08:14:53Z,2025-08-29T11:24:00Z,2025-08-29T08:15:00Z,3.15,29609,3470,17
@PavoliaReine,b8V9ivFtxJk,GGGGRRRR I DONT KNOW HOW TO PREP FOR GEMINI (umamusume: pretty derby),2025-08-28T12:28:09Z,none,2025-08-28T08:01:15Z,2025-08-28T12:15:20Z,2025-08-28T08:00:00Z,4.23,26074,3330,9
@PavoliaReine,a_VAB-Y4BNU,I let my uma rest (not clickbait) 9 BLUE SPARKS WHEN (umamusume: pretty derby),2025-08-27T12:40:30Z,none,2025-08-27T04:00:46Z,2025-08-27T11:34:46Z,2025-08-27T04:00:00Z,7.57,42240,4413,16
@PavoliaReine,biysT1lQ66k,HD REINE IS BACK. But at what cost (umamusume: pretty derby),2025-08-26T11:36:30Z,none,2025-08-26T08:00:51Z,2025-08-26T11:20:38Z,2025-08-26T08:00:00Z,3.33,25818,3346,13
@AZKi,wyRxEmzIhls,【嬉しいお知らせ】ぴあアリーナMMにてソロライブします！【ホロライブ / AZKi】,2025-08-30T14:56:52Z,none,2025-08-30T12:01:38Z,2025-08-30T14:45:45Z,2025-08-30T12:00:00Z,2.74,124832,10677,46
@AZKi,xKqknYGh14c,【3D重大告知】AZKiの歴史を辿り、謎を解け！#AZKiと謎解き【ホロライブ】,2025-08-29T11:09:12Z,none,2025-08-29T09:57:11Z,2025-08-29T11:04:06Z,2025-08-29T10:00:00Z,1.12,290833,20857,239
@AZKi,9W2hQk-TbuU,【GeoGuessr】まつりちゃんと一緒に愛知をGUESS！ジモゲッサー！【ホロライブ / AZKi / 夏色まつり】,2025-08-27T13:11:20Z,none,2025-08-27T12:00:51Z,2025-08-27T13:07:18Z,2025-08-27T12:00:00Z,1.11,167778,11159,150
@AZKi,AXTIbGC8Zno,【歌枠】重大告知あり！平成アニソン歌う！！！！！SINGING STREAM【ホロライブ / AZKi】,2025-08-26T11:56:30Z,none,2025-08-26T10:01:33Z,2025-08-26T11:41:12Z,2025-08-26T10:00:00Z,1.66,202808,15003,125
@AZKi,Wz-bv-uzk3E,【PEAK】初登山コラボ！高尾山なら登ったことあります【ホロライブ / AZKi / ロボ子さん / 天音かなた】,2025-08-25T14:57:33Z,none,2025-08-25T12:01:31Z,2025-08-25T14:46:41Z,2025-08-25T12:00:00Z,2.75,121208,8324,43
@VestiaZeta,-QbkiXdwZ-s,📜【Holo Hidden - My Lovely Fans Can't Be This Hidden】🕵️,2025-08-30T09:49:07Z,none,2025-08-30T07:00:50Z,2025-08-30T09:39:20Z,2025-08-30T07:00:00Z,2.64,28082,4434,25
@VestiaZeta,PgxLnEp413k,【BUM Simulator】,2025-08-28T17:34:33Z,none,2025-08-28T15:00:24Z,2025-08-28T17:24:51Z,2025-08-28T15:00:00Z,2.41,23019,3950,34
@VestiaZeta,RdI4QlYtE78,Tell me 3 reasons why I shouldn't DOOM 【DOOM: The Dark Ages】,2025-08-26T06:26:24Z,none,2025-08-26T03:59:37Z,2025-08-26T06:10:41Z,2025-08-26T04:00:00Z,2.18,19829,3709,38
@TokoyamiTowa,_ofOQ9L0tfs,【STREET FIGHTER 6】ランクをします！！！【常闇トワ/ホロライブ】,2025-08-31T09:34:16Z,none,2025-08-31T08:05:46Z,2025-08-31T09:27:12Z,2025-08-31T08:00:00Z,1.36,95135,5633,39
@TokoyamiTowa,BSKnIyxZn-c,【 #ホロ7DTDハード 】#10 最終回！？荒れ地で襲撃を迎えてフィナーレとなるのか！？【常闇トワ視点/ホロライブ 】,2025-08-30T16:51:20Z,none,2025-08-30T13:01:55Z,2025-08-30T16:40:06Z,2025-08-30T13:00:00Z,3.64,59330,5550,45
@TokoyamiTowa,L7CI4reT39U,【 #ホロ7DTDハード 】#9 なんと！！荒れ地まで進んでいるようです！！！！【常闇トワ視点/ホロライブ 】,2025-08-29T15:59:17Z,none,2025-08-29T12:01:22Z,2025-08-29T15:42:22Z,2025-08-29T12:00:00Z,3.68,78388,5940,34
@TokoyamiTowa,spIqIfqWQWc,【 雑談 / Freetalk 】ニューヨークからただいま～～～！！！！【常闇トワ / ホロライブ】,2025-08-29T10:47:57Z,none,2025-08-29T09:06:32Z,2025-08-29T10:42:00Z,2025-08-29T09:00:00Z,1.59,79883,7895,52
